Date;Open;High;Low;Close;Volume;Arah_HariIni;Volume_Kategori;Rentang_Volatilitas;Gap_Pembukaan;Label_Keputusan
03/01/2025 16:00;4220;4240;4150;4150;134632300;Turun;Rendah;Lebar;Gap_Naik;Tidak
06/01/2025 16:00;4180;4180;4100;4100;153048700;Turun;Rendah;Sempit;Gap_Naik;Tidak
07/01/2025 16:00;4080;4090;4030;4030;171997400;Turun;Rendah;Sempit;Gap_Turun;Beli
08/01/2025 16:00;4030;4100;4030;4080;133655700;Naik;Rendah;Sempit;Gap_Naik;Tidak
09/01/2025 16:00;4070;4100;4030;4030;99300400;Turun;Rendah;Sempit;Gap_Turun;Tidak
10/01/2025 16:00;4030;4060;4010;4010;132774300;Turun;Rendah;Sempit;Gap_Naik;Tidak
13/01/2025 16:00;3990;3990;3850;3850;413408100;Turun;Tinggi;Lebar;Gap_Turun;Tidak
14/01/2025 16:00;3820;3920;3800;3800;  ;Turun;Tinggi;Lebar;Gap_Turun;Beli
15/01/2025 16:00;3840;4090;3840;4090;407813500;Naik;Tinggi;Lebar;Gap_Naik;Beli
16/01/2025 16:00;4210;4240;4130;4160;349387500;Turun;Tinggi;Lebar;Gap_Naik;Tidak
17/01/2025 16:00;4150;4190;4080;4090;268758600;Turun;Tinggi;Lebar;Gap_Turun;Beli
20/01/2025 16:00;4130;4220;4130;4220;167348600;Naik;Rendah;Lebar;Gap_Naik;Beli
21/01/2025 16:00;4270;4380;4250;4260;345223800;Turun;Tinggi;Lebar;Gap_Naik;Tidak
22/01/2025 16:00;4310;4320;4230;4260;193218900;Turun;Sedang;Lebar;Gap_Naik;Beli
23/01/2025 16:00;4260;4340;4260;4300;216018100;Naik;Sedang;Sempit;Gap_Naik;Tidak
24/01/2025 16:00;4350;4350;4190;4190;276421900;Turun;Tinggi;Lebar;Gap_Naik;Tidak
30/01/2025 16:00;4130;4170;4090;4120;220222400;Turun;Sedang;Sempit;Gap_Turun;Beli
31/01/2025 16:00;4170;4280;4150;4220;192622700;Naik;Sedang;Lebar;Gap_Naik;Beli
03/02/2025 16:00;4200;4270;4150;4250;220285800;Naik;Sedang;Lebar;Gap_Turun;Beli
04/02/2025 16:00;4260;4300;4200;4260;231917500;Naik;Sedang;Lebar;Gap_Naik;Tidak
05/02/2025 16:00;4250;4250;4140;4140;209834400;Turun;Sedang;Lebar;Gap_Turun;Tidak
06/02/2025 16:00;4120;4160;3940;3970;378545500;Turun;Tinggi;Lebar;Gap_Turun;Beli
07/02/2025 16:00;3970;4030;3940;4030;259636200;Naik;Sedang;Lebar;Gap_Naik;Tidak
10/02/2025 16:00;4000;4050;3950;3970;201999400;Turun;Sedang;Lebar;Gap_Turun;Beli
11/02/2025 16:00;3970;4040;3900;4010;276382800;Naik;Tinggi;Lebar;Gap_Naik;Beli
12/02/2025 16:00;3960;4060;3950;4030;362571900;Naik;Tinggi;Lebar;Gap_Turun;Tidak
13/02/2025 16:00;4000;4030;3960;3990;341640600;Turun;Tinggi;Sempit;Gap_Turun;Tidak
14/02/2025 16:00;4000;4010;3850;3860;524909600;Turun;Tinggi;Lebar;Gap_Naik;Beli
17/02/2025 16:00;3870;4030;3870;4030;265737100;Naik;Tinggi;Lebar;Gap_Naik;Beli
18/02/2025 16:00;4030;4180;4030;4150;374350700;Naik;Tinggi;Lebar;Gap_Naik;Tidak
19/02/2025 16:00;4160;4180;4010;4020;346072800;Turun;Tinggi;Lebar;Gap_Naik;Tidak
20/02/2025 16:00;3970;4020;3910;3910;312753300;Turun;Tinggi;Lebar;Gap_Turun;Tidak
21/02/2025 16:00;3910;3930;3870;3890;205268800;Turun;Sedang;Sempit;Gap_Naik;Beli
24/02/2025 16:00;3900;3940;3870;3920;138610800;Naik;Rendah;Sempit;Gap_Naik;Tidak
25/02/2025 16:00;3880;3920;3800;3800;404555100;Turun;Tinggi;Lebar;Gap_Turun;Beli
26/02/2025 16:00;3800;3860;3760;3820;242834100;Naik;Sedang;Lebar;Gap_Naik;Tidak
27/02/2025 16:00;3790;3800;3610;3630;410928000;Turun;Tinggi;Lebar;Gap_Turun;Tidak
28/02/2025 16:00;3500;3540;3360;3360;1000597600;Turun;Tinggi;Lebar;Gap_Turun;Beli
03/03/2025 16:00;3520;3740;3470;3670;744626800;Naik;Tinggi;Lebar;Gap_Naik;Tidak
04/03/2025 16:00;3680;3720;3600;3670;338434700;Turun;Tinggi;Lebar;Gap_Naik;Beli
05/03/2025 16:00;3710;3900;3710;3840;441151000;Naik;Tinggi;Lebar;Gap_Naik;Beli
06/03/2025 16:00;3870;3990;3870;3950;434485100;Naik;Tinggi;Lebar;Gap_Naik;Tidak
07/03/2025 16:00;3930;3930;3810;3810;243793600;Turun;Sedang;Lebar;Gap_Turun;Tidak
10/03/2025 16:00;3790;3810;3730;3760;232192200;Turun;Sedang;Lebar;Gap_Turun;Beli
11/03/2025 16:00;3700;3790;3660;3790;273961800;Naik;Tinggi;Lebar;Gap_Turun;Beli
12/03/2025 16:00;3810;3920;3810;3890;271631200;Naik;Tinggi;Lebar;Gap_Naik;Tidak
13/03/2025 16:00;3960;3970;3800;3800;209225700;Turun;Sedang;Lebar;Gap_Naik;Tidak
14/03/2025 16:00;3750;3840;3750;3750;156131900;Naik;Rendah;Lebar;Gap_Turun;Beli
17/03/2025 16:00;3780;3840;3730;3830;162467700;Naik;Rendah;Lebar;Gap_Naik;Tidak
18/03/2025 16:00;3840;3860;3500;3680;416894600;Turun;Tinggi;Lebar;Gap_Naik;Beli
19/03/2025 16:00;3710;3780;3680;3710;352217700;Naik;Tinggi;Lebar;Gap_Naik;Tidak
20/03/2025 16:00;3730;3760;3640;3660;313033000;Turun;Tinggi;Lebar;Gap_Naik;Beli
21/03/2025 16:00;3600;3700;3550;3700;627645600;Naik;Tinggi;Lebar;Gap_Turun;Tidak
24/03/2025 16:00;3650;3740;3520;3610;342883200;Turun;Tinggi;Lebar;Gap_Turun;Beli
25/03/2025 16:00;3660;3840;3660;3800;331285900;Naik;Tinggi;Lebar;Gap_Naik;Beli
26/03/2025 16:00;3870;4020;3860;4000;540888800;Naik;Tinggi;Lebar;Gap_Naik;Beli
27/03/2025 16:00;4000;4050;3930;4050;322553200;Naik;Tinggi;Lebar;Gap_Naik;Tidak
08/04/2025 16:00;3460;3750;3450;3640;734807100;Naik;Tinggi;Lebar;Gap_Turun;Tidak
09/04/2025 16:00;3610;3710;3600;3630;366649900;Naik;Tinggi;Lebar;Gap_Turun;Beli
10/04/2025 16:00;3920;3930;3770;3800;417562900;Turun;Tinggi;Lebar;Gap_Naik;Tidak
11/04/2025 16:00;3600;3650;3590;3630;301200600;Naik;Tinggi;Sempit;Gap_Turun;Beli
14/04/2025 16:00;3630;3690;3620;3690;169458300;Naik;Rendah;Sempit;Gap_Naik;Tidak
15/04/2025 16:00;3730;3780;3680;3690;254224400;Turun;Sedang;Lebar;Gap_Naik;Tidak
16/04/2025 16:00;3690;3700;3600;3650;233772400;Turun;Sedang;Lebar;Gap_Naik;Tidak
17/04/2025 16:00;3670;3670;3610;3640;121059300;Turun;Rendah;Sempit;Gap_Naik;Tidak
21/04/2025 16:00;3620;3660;3570;3620;107470200;Naik;Rendah;Lebar;Gap_Turun;Beli
22/04/2025 16:00;3600;3650;3600;3630;147116900;Naik;Rendah;Sempit;Gap_Turun;Beli
23/04/2025 16:00;3660;3790;3640;3760;432999900;Naik;Tinggi;Lebar;Gap_Naik;Tidak
24/04/2025 16:00;3790;3840;3720;3730;272537300;Turun;Tinggi;Lebar;Gap_Naik;Beli
25/04/2025 16:00;3770;3790;3730;3740;136517100;Turun;Rendah;Sempit;Gap_Naik;Beli
28/04/2025 16:00;3790;3850;3780;3840;212945800;Naik;Sedang;Sempit;Gap_Naik;Beli
29/04/2025 16:00;3860;3870;3820;3850;160631400;Turun;Rendah;Sempit;Gap_Naik;Tidak
30/04/2025 16:00;3810;3850;3770;3850;226832200;Naik;Sedang;Lebar;Gap_Turun;Beli
02/05/2025 16:00;3920;3920;3850;3880;205628100;Turun;Sedang;Sempit;Gap_Naik;Tidak
05/05/2025 16:00;3900;3920;3860;3860;196917100;Turun;Sedang;Sempit;Gap_Naik;Beli
06/05/2025 16:00;3840;3900;3840;3880;111333800;Naik;Rendah;Sempit;Gap_Turun;Beli
07/05/2025 16:00;3900;3910;3870;3910;119763100;Naik;Rendah;Sempit;Gap_Naik;Tidak
08/05/2025 16:00;3910;3960;3780;3790;224121900;Turun;Sedang;Lebar;Gap_Naik;Beli
09/05/2025 16:00;3810;3840;3760;3840;147638100;Naik;Rendah;Lebar;Gap_Naik;Beli
14/05/2025 16:00;4000;4090;3960;4090;461642400;Naik;Tinggi;Lebar;Gap_Naik;Beli
15/05/2025 16:00;4140;4310;4130;4270;537151700;Naik;Tinggi;Lebar;Gap_Naik;Tidak
16/05/2025 16:00;4310;4330;4160;4250;289337600;Turun;Tinggi;Lebar;Gap_Naik;Tidak
19/05/2025 16:00;4230;4260;4200;4230;145935500;Naik;Rendah;Sempit;Gap_Turun;Tidak
20/05/2025 16:00;4230;4280;4170;4210;209576900;Turun;Sedang;Lebar;Gap_Naik;Beli
21/05/2025 16:00;4210;4310;4210;4260;256020200;Naik;Sedang;Lebar;Gap_Naik;Beli
22/05/2025 16:00;4280;4310;4240;4300;208291800;Naik;Sedang;Sempit;Gap_Naik;Beli
23/05/2025 16:00;4350;4370;4330;4350;108182800;Naik;Rendah;Sempit;Gap_Naik;Tidak
26/05/2025 16:00;4350;4350;4260;4320;149418600;Turun;Rendah;Lebar;Gap_Naik;Beli
27/05/2025 16:00;4320;4370;4280;4370;180028000;Naik;Sedang;Lebar;Gap_Naik;Beli
28/05/2025 16:00;4360;4450;4320;4450;466133500;Naik;Tinggi;Lebar;Gap_Turun;Tidak
02/06/2025 16:00;4360;4390;4200;4200;389541100;Turun;Tinggi;Lebar;Gap_Turun;Tidak
03/06/2025 16:00;4210;4230;4120;4200;277902300;Turun;Tinggi;Lebar;Gap_Naik;Tidak
04/06/2025 16:00;4230;4230;4080;4080;279755300;Turun;Tinggi;Lebar;Gap_Naik;Beli
05/06/2025 16:00;4110;4140;4050;4100;230129500;Turun;Sedang;Lebar;Gap_Naik;Beli
10/06/2025 16:00;4100;4160;4100;4150;179827500;Naik;Sedang;Sempit;Gap_Naik;Tidak
11/06/2025 16:00;4130;4140;4060;4070;196558700;Turun;Sedang;Sempit;Gap_Turun;Tidak
12/06/2025 16:00;4070;4100;4060;4070;113850500;Naik;Rendah;Sempit;Gap_Naik;Tidak
13/06/2025 16:00;4020;4050;3980;4000;283826000;Turun;Tinggi;Sempit;Gap_Turun;Tidak
16/06/2025 16:00;3980;4010;3960;3990;155450700;Naik;Rendah;Sempit;Gap_Turun;Tidak
17/06/2025 16:00;4010;4030;3960;3960;125769400;Turun;Rendah;Sempit;Gap_Naik;Tidak
18/06/2025 16:00;3950;3960;3900;3940;140882100;Turun;Rendah;Sempit;Gap_Turun;Tidak
19/06/2025 16:00;3900;3920;3800;3800;355413000;Turun;Tinggi;Lebar;Gap_Turun;Tidak
20/06/2025 16:00;3740;3840;3740;3790;516177900;Naik;Tinggi;Lebar;Gap_Turun;Tidak
23/06/2025 16:00;3730;3750;3660;3720;222067700;Turun;Sedang;Lebar;Gap_Turun;Beli
24/06/2025 16:00;3820;3900;3770;3780;281594300;Turun;Tinggi;Lebar;Gap_Naik;Tidak
25/06/2025 16:00;3830;3830;3730;3760;164257700;Turun;Rendah;Lebar;Gap_Naik;Beli
26/06/2025 16:00;3780;3830;3750;3830;171427000;Naik;Rendah;Lebar;Gap_Naik;Tidak
30/06/2025 16:00;3840;3840;3730;3740;271933200;Turun;Tinggi;Lebar;Gap_Naik;Tidak
01/07/2025 16:00;3780;3790;3670;3700;212369000;Turun;Sedang;Lebar;Gap_Naik;Tidak
02/07/2025 16:00;3650;3700;3640;3680;220273500;Naik;Sedang;Sempit;Gap_Turun;Tidak
03/07/2025 16:00;3710;3730;3680;3680;119674300;Turun;Rendah;Sempit;Gap_Naik;Tidak
04/07/2025 16:00;3680;3710;3650;3670;91141200;Turun;Rendah;Sempit;Gap_Naik;Beli
07/07/2025 16:00;3670;3700;3650;3700;78783800;Naik;Rendah;Sempit;Gap_Naik;Tidak
08/07/2025 16:00;3690;3700;3650;3670;115551200;Turun;Rendah;Sempit;Gap_Turun;Beli
09/07/2025 16:00;3650;3700;3650;3680;92437900;Naik;Rendah;Sempit;Gap_Turun;Beli
10/07/2025 16:00;3690;3880;3680;3870;290117200;Naik;Tinggi;Lebar;Gap_Naik;Beli
11/07/2025 16:00;3920;3920;3870;3880;255634700;Turun;Sedang;Sempit;Gap_Naik;Tidak
14/07/2025 16:00;3880;3890;3750;3780;167151400;Turun;Rendah;Lebar;Gap_Naik;Beli
15/07/2025 16:00;3800;3880;3780;3880;183209300;Naik;Sedang;Lebar;Gap_Naik;Tidak
16/07/2025 16:00;3950;3960;3880;3880;241966800;Turun;Sedang;Lebar;Gap_Naik;Beli
17/07/2025 16:00;3930;3930;3880;3890;111359500;Turun;Rendah;Sempit;Gap_Naik;Tidak
18/07/2025 16:00;3910;3940;3860;3860;111030000;Turun;Rendah;Lebar;Gap_Naik;Tidak
21/07/2025 16:00;3890;3900;3830;3830;89765800;Turun;Rendah;Sempit;Gap_Naik;Beli
22/07/2025 16:00;3860;3880;3830;3840;84902800;Turun;Rendah;Sempit;Gap_Naik;Tidak
23/07/2025 16:00;3840;3860;3790;3800;132305000;Turun;Rendah;Sempit;Gap_Naik;Beli
24/07/2025 16:00;3830;3950;3820;3950;206654200;Naik;Sedang;Lebar;Gap_Naik;Tidak
25/07/2025 16:00;3950;3950;3870;3880;86263700;Turun;Rendah;Lebar;Gap_Naik;Beli
28/07/2025 16:00;3940;3950;3920;3940;94898300;Naik;Rendah;Sempit;Gap_Naik;Tidak
29/07/2025 16:00;3930;3930;3900;3920;98887100;Turun;Rendah;Sempit;Gap_Turun;Tidak
30/07/2025 16:00;3910;3910;3770;3780;206358500;Turun;Sedang;Lebar;Gap_Turun;Tidak
31/07/2025 16:00;3780;3790;3700;3710;163371700;Turun;Rendah;Lebar;Gap_Naik;Beli
01/08/2025 16:00;3800;3800;3740;3740;134100500;Turun;Rendah;Sempit;Gap_Naik;Tidak
04/08/2025 16:00;3720;3740;3690;3710;104446300;Turun;Rendah;Sempit;Gap_Turun;Beli
05/08/2025 16:00;3700;3790;3700;3740;184822600;Naik;Sedang;Lebar;Gap_Turun;Tidak
06/08/2025 16:00;3770;3780;3710;3710;100168200;Turun;Rendah;Sempit;Gap_Naik;Tidak
07/08/2025 16:00;3730;3750;3700;3710;92746000;Turun;Rendah;Sempit;Gap_Naik;Tidak
08/08/2025 16:00;3710;3730;3700;3700;133180100;Turun;Rendah;Sempit;Gap_Naik;Beli
11/08/2025 16:00;3720;3810;3720;3810;143167900;Naik;Rendah;Lebar;Gap_Naik;Beli
12/08/2025 16:00;3860;4050;3830;4050;404797800;Naik;Tinggi;Lebar;Gap_Naik;Beli
13/08/2025 16:00;4060;4100;3990;4080;292104000;Naik;Tinggi;Lebar;Gap_Naik;Tidak
14/08/2025 16:00;4080;4100;4040;4060;164408100;Turun;Rendah;Sempit;Gap_Naik;Beli
15/08/2025 16:00;4100;4150;4070;4120;269255400;Naik;Tinggi;Sempit;Gap_Naik;Tidak
19/08/2025 16:00;4090;4100;4010;4040;208409700;Turun;Sedang;Lebar;Gap_Turun;Beli
20/08/2025 16:00;4050;4150;4050;4150;173260400;Naik;Rendah;Lebar;Gap_Naik;Tidak
21/08/2025 16:00;4160;4170;4090;4150;112477700;Turun;Rendah;Sempit;Gap_Naik;Tidak
22/08/2025 16:00;4170;4170;4100;4100;71971500;Turun;Rendah;Sempit;Gap_Naik;Beli
25/08/2025 16:00;4180;4270;4170;4210;195322200;Naik;Sedang;Lebar;Gap_Naik;Tidak
26/08/2025 16:00;4220;4220;4170;4170;267465600;Turun;Tinggi;Sempit;Gap_Naik;Tidak
27/08/2025 16:00;4130;4150;4070;4130;123874000;Naik;Rendah;Sempit;Gap_Turun;Beli
28/08/2025 16:00;4130;4150;4110;4140;60838200;Naik;Rendah;Sempit;Gap_Naik;Tidak
29/08/2025 16:00;4100;4120;4020;4050;217276600;Turun;Sedang;Lebar;Gap_Turun;Tidak
01/09/2025 16:00;3930;4010;3860;3980;234206100;Naik;Sedang;Lebar;Gap_Turun;Tidak
02/09/2025 16:00;3980;4050;3960;3960;111856000;Turun;Rendah;Lebar;Gap_Naik;Beli
03/09/2025 16:00;4020;4030;3950;4030;112507500;Naik;Rendah;Sempit;Gap_Naik;Tidak
04/09/2025 16:00;3980;4010;3960;4000;87402700;Naik;Rendah;Sempit;Gap_Turun;Tidak
08/09/2025 16:00;4070;4070;3890;3900;143993900;Turun;Rendah;Lebar;Gap_Naik;Tidak
09/09/2025 16:00;3870;3890;3750;3790;327167200;Turun;Tinggi;Lebar;Gap_Turun;Beli
10/09/2025 16:00;3820;3890;3820;3880;118789700;Naik;Rendah;Sempit;Gap_Naik;Beli
11/09/2025 16:00;4000;4120;3980;4080;281910400;Naik;Tinggi;Lebar;Gap_Naik;Beli
12/09/2025 16:00;4180;4190;4110;4180;235383800;Naik;Sedang;Sempit;Gap_Naik;Tidak
15/09/2025 16:00;4200;4220;4120;4140;157482000;Turun;Rendah;Lebar;Gap_Naik;Tidak
16/09/2025 16:00;4160;4170;4080;4130;167511900;Turun;Rendah;Lebar;Gap_Naik;Beli
17/09/2025 16:00;4160;4220;4120;4220;245154800;Naik;Sedang;Lebar;Gap_Naik;Beli
18/09/2025 16:00;4270;4270;4210;4250;332670300;Turun;Tinggi;Sempit;Gap_Naik;Tidak
19/09/2025 16:00;4230;4250;4180;4250;211373200;Naik;Sedang;Sempit;Gap_Turun;Tidak
22/09/2025 16:00;4250;4250;4110;4160;157592800;Turun;Rendah;Lebar;Gap_Naik;Tidak
23/09/2025 16:00;4120;4170;4110;4140;110771700;Naik;Rendah;Sempit;Gap_Turun;Beli
24/09/2025 16:00;4140;4170;4100;4170;124591600;Naik;Rendah;Sempit;Gap_Naik;Tidak
25/09/2025 16:00;4170;4170;4050;4070;129656800;Turun;Rendah;Lebar;Gap_Naik;Tidak
26/09/2025 16:00;4050;4080;4000;4040;146229200;Turun;Rendah;Sempit;Gap_Turun;Tidak
29/09/2025 16:00;4040;4040;3960;3980;126611800;Turun;Rendah;Lebar;Gap_Naik;Tidak
30/09/2025 16:00;3980;3980;3900;3900;217357100;Turun;Sedang;Lebar;Gap_Naik;Tidak
01/10/2025 16:00;3860;3940;3800;3810;223133600;Turun;Sedang;Lebar;Gap_Turun;Tidak
02/10/2025 16:00;3760;3790;3710;3710;379620000;Turun;Tinggi;Lebar;Gap_Turun;Tidak
03/10/2025 16:00;3710;3750;3680;3690;214737100;Turun;Sedang;Sempit;Gap_Naik;Tidak
06/10/2025 16:00;3700;3740;3640;3660;190283900;Turun;Sedang;Lebar;Gap_Naik;Beli
07/10/2025 16:00;3690;3720;3670;3710;155933000;Naik;Rendah;Sempit;Gap_Naik;Beli
08/10/2025 16:00;3730;3740;3670;3720;148263700;Turun;Rendah;Sempit;Gap_Naik;Beli
09/10/2025 16:00;3690;3930;3640;3860;479239500;Naik;Tinggi;Lebar;Gap_Turun;Tidak
10/10/2025 16:00;3790;3790;3690;3730;277252300;Turun;Tinggi;Lebar;Gap_Turun;Tidak
13/10/2025 16:00;3680;3710;3660;3660;181694400;Turun;Sedang;Sempit;Gap_Turun;Tidak
14/10/2025 16:00;3640;3690;3550;3550;278678800;Turun;Tinggi;Lebar;Gap_Turun;Tidak
15/10/2025 16:00;3570;3590;3450;3500;468733500;Turun;Tinggi;Lebar;Gap_Naik;Beli
16/10/2025 16:00;3500;3580;3480;3530;227629500;Naik;Sedang;Lebar;Gap_Naik;Tidak
17/10/2025 16:00;3530;3570;3490;3500;244442400;Turun;Sedang;Lebar;Gap_Naik;Beli
20/10/2025 16:00;3550;3730;3540;3680;391510300;Naik;Tinggi;Lebar;Gap_Naik;Beli
21/10/2025 16:00;3780;3790;3710;3760;293000200;Turun;Tinggi;Lebar;Gap_Naik;Tidak
22/10/2025 16:00;3790;3820;3680;3700;329470700;Turun;Tinggi;Lebar;Gap_Naik;Beli
23/10/2025 16:00;3720;3820;3700;3820;225902700;Naik;Sedang;Lebar;Gap_Naik;Beli
24/10/2025 16:00;3820;3910;3820;3850;313903600;Naik;Tinggi;Lebar;Gap_Naik;Beli
27/10/2025 16:00;3880;3930;3750;3860;332539600;Turun;Tinggi;Lebar;Gap_Naik;Tidak
28/10/2025 16:00;3850;3860;3780;3850;239026800;Naik;Sedang;Lebar;Gap_Turun;Beli
29/10/2025 16:00;3830;3890;3790;3890;215008600;Naik;Sedang;Lebar;Gap_Turun;Beli
30/10/2025 16:00;3900;3990;3870;3910;287905300;Naik;Tinggi;Lebar;Gap_Naik;Beli
31/10/2025 16:00;3930;4020;3920;3980;348755700;Naik;Tinggi;Lebar;Gap_Naik;Beli
03/11/2025 16:00;4050;4050;4010;4040;163770500;Turun;Rendah;Sempit;Gap_Naik;Tidak
04/11/2025 16:00;4030;4050;3970;3970;241154700;Turun;Sedang;Lebar;Gap_Turun;Beli
05/11/2025 16:00;3940;3990;3910;3980;139859100;Naik;Rendah;Lebar;Gap_Turun;Beli
06/11/2025 16:00;3980;4010;3950;4000;130808100;Naik;Rendah;Sempit;Gap_Naik;Tidak
07/11/2025 16:00;4000;4010;3980;3980;87287600;Turun;Rendah;Sempit;Gap_Naik;Tidak
10/11/2025 16:00;4010;4020;3930;3930;148552900;Turun;Rendah;Lebar;Gap_Naik;Tidak
11/11/2025 16:00;3940;3960;3860;3890;179000200;Turun;Sedang;Lebar;Gap_Naik;Beli
12/11/2025 16:00;3890;3950;3890;3900;111115400;Naik;Rendah;Sempit;Gap_Naik;Tidak
13/11/2025 16:00;3900;3910;3870;3870;99373200;Turun;Rendah;Sempit;Gap_Naik;Beli
14/11/2025 16:00;3860;3930;3860;3900;100717300;Naik;Rendah;Sempit;Gap_Turun;Beli
17/11/2025 16:00;3880;3950;3880;3940;140868100;Naik;Rendah;Sempit;Gap_Turun;Beli
18/11/2025 16:00;3950;3990;3930;3970;205257700;Naik;Sedang;Sempit;Gap_Naik;Beli
19/11/2025 16:00;3990;4000;3970;4000;107451000;Naik;Rendah;Sempit;Gap_Naik;Tidak
20/11/2025 16:00;4020;4050;3990;3990;183008400;Turun;Sedang;Sempit;Gap_Naik;Tidak
21/11/2025 16:00;3980;4000;3940;3960;112666100;Turun;Rendah;Sempit;Gap_Turun;Beli
24/11/2025 16:00;4000;4000;3940;3980;262302000;Turun;Sedang;Sempit;Gap_Naik;Tidak
25/11/2025 16:00;3980;3980;3830;3830;396959100;Turun;Tinggi;Lebar;Gap_Naik;Tidak
26/11/2025 16:00;3800;3830;3780;3790;288419400;Turun;Tinggi;Sempit;Gap_Turun;Tidak
27/11/2025 16:00;3800;3810;3720;3740;283451800;Turun;Tinggi;Lebar;Gap_Naik;Tidak
28/11/2025 16:00;3710;3750;3680;3680;353872800;Turun;Tinggi;Sempit;Gap_Turun;Tidak
01/12/2025 16:00;3680;3730;3660;3670;299669500;Turun;Tinggi;Sempit;Gap_Naik;Beli
02/12/2025 16:00;3690;3730;3670;3710;277714300;Naik;Tinggi;Sempit;Gap_Naik;Tidak
03/12/2025 16:00;3690;3700;3660;3660;225357100;Turun;Sedang;Sempit;Gap_Turun;Beli
04/12/2025 16:00;3660;3690;3650;3690;221121100;Naik;Sedang;Sempit;Gap_Naik;Tidak
05/12/2025 16:00;3700;3700;3650;3650;156161100;Turun;Rendah;Sempit;Gap_Naik;Beli
08/12/2025 16:00;3680;3690;3660;3670;124094700;Turun;Rendah;Sempit;Gap_Naik;Beli
09/12/2025 16:00;3700;3700;3650;3680;201089800;Turun;Sedang;Sempit;Gap_Naik;Tidak
10/12/2025 16:00;3680;3680;3650;3660;172677700;Turun;Rendah;Sempit;Gap_Naik;Tidak
11/12/2025 16:00;3680;3700;3580;3620;327591200;Turun;Tinggi;Lebar;Gap_Naik;Beli
12/12/2025 16:00;3640;3640;3580;3630;169747600;Turun;Rendah;Sempit;Gap_Naik;Beli
15/12/2025 16:00;3650;3810;3630;3780;312694100;Naik;Tinggi;Lebar;Gap_Naik;Tidak
16/12/2025 16:00;3800;3810;3680;3690;237949900;Turun;Sedang;Lebar;Gap_Naik;Beli
17/12/2025 16:00;3690;3780;3680;3750;273544100;Naik;Tinggi;Lebar;Gap_Naik;Beli
18/12/2025 16:00;3750;3820;3750;3780;262527300;Naik;Sedang;Sempit;Gap_Naik;Tidak
19/12/2025 16:00;3800;3810;3760;3770;228583500;Turun;Sedang;Sempit;Gap_Naik;Tidak
22/12/2025 16:00;3770;3780;3750;3760;161680300;Turun;Rendah;Sempit;Gap_Naik;Beli
23/12/2025 16:00;3760;3780;3730;3770;138427000;Naik;Rendah;Sempit;Gap_Naik;Tidak
24/12/2025 16:00;3770;3790;3750;3770;121073600;Naik;Rendah;Sempit;Gap_Naik;Beli
29/12/2025 16:00;3780;3790;3760;3780;238061500;Naik;Sedang;Sempit;Gap_Naik;Tidak
30/12/2025 16:00;3690;3690;3650;3660;274402200;Turun;Tinggi;Sempit;Gap_Turun;Tidak
02/01/2026 16:00;3660;3670;3620;3640;191985100;Turun;Sedang;Sempit;Gap_Naik;Tidak
05/01/2026 16:00;3630;3660;3590;3630;230544800;Naik;Sedang;Sempit;Gap_Turun;Beli
06/01/2026 16:00;3630;3690;3630;3680;175820800;Naik;Sedang;Sempit;Gap_Naik;Beli
07/01/2026 16:00;3680;3710;3660;3700;195024700;Naik;Sedang;Sempit;Gap_Naik;Beli
08/01/2026 16:00;3710;3760;3700;3710;182019700;Naik;Sedang;Sempit;Gap_Naik;Tidak
09/01/2026 16:00;3730;3740;3670;3680;143474700;Turun;Rendah;Sempit;Gap_Naik;Beli
12/01/2026 16:00;3680;3740;3660;3700;215159700;Naik;Sedang;Lebar;Gap_Naik;Beli
13/01/2026 16:00;3700;3730;3670;3720;227620800;Naik;Sedang;Sempit;Gap_Naik;Tidak
14/01/2026 16:00;3740;3750;3700;3720;170097000;Turun;Rendah;Sempit;Gap_Naik;Beli
15/01/2026 16:00;3730;3850;3730;3820;407151300;Naik;Tinggi;Lebar;Gap_Naik;Beli
19/01/2026 16:00;3850;3900;3810;3840;359652500;Turun;Tinggi;Lebar;Gap_Naik;Beli
20/01/2026 16:00;3840;3880;3820;3850;170245800;Naik;Rendah;Sempit;Gap_Naik;Tidak
21/01/2026 16:00;3850;3850;3800;3820;273678200;Turun;Tinggi;Sempit;Gap_Naik;Tidak
22/01/2026 16:00;3850;3850;3790;3810;153742700;Turun;Rendah;Sempit;Gap_Naik;Beli
23/01/2026 16:00;3810;3850;3760;3850;164603900;Naik;Rendah;Lebar;Gap_Naik;Tidak
26/01/2026 16:00;3840;3850;3800;3850;120002700;Naik;Rendah;Sempit;Gap_Turun;Tidak
27/01/2026 16:00;3850;3850;3780;3820;157633200;Turun;Rendah;Sempit;Gap_Naik;Tidak
28/01/2026 16:00;3630;3780;3540;3590;726740400;Turun;Tinggi;Lebar;Gap_Turun;Beli
29/01/2026 16:00;3550;3780;3290;3780;781321200;Naik;Tinggi;Lebar;Gap_Turun;Beli
30/01/2026 16:00;3780;3890;3740;3810;532329000;Naik;Tinggi;Lebar;Gap_Naik;Beli
02/02/2026 16:00;3860;3880;3750;3830;334659200;Turun;Tinggi;Lebar;Gap_Naik;Tidak
03/02/2026 16:00;3860;3870;3760;3800;201224300;Turun;Sedang;Lebar;Gap_Naik;Beli
04/02/2026 16:00;3820;3880;3800;3870;251005600;Naik;Sedang;Lebar;Gap_Naik;Tidak
05/02/2026 16:00;3850;3940;3840;3850;342757200;Naik;Tinggi;Lebar;Gap_Turun;Tidak
06/02/2026 16:00;3800;3850;3770;3780;279127200;Turun;Tinggi;Lebar;Gap_Turun;Tidak
09/02/2026 16:00;3790;3800;3710;3770;215606400;Turun;Sedang;Lebar;Gap_Naik;Beli
10/02/2026 16:00;3750;3790;3730;3780;181835800;Naik;Sedang;Sempit;Gap_Turun;Beli
11/02/2026 16:00;3790;3800;3740;3800;147378100;Naik;Rendah;Sempit;Gap_Naik;Tidak
12/02/2026 16:00;3780;3790;3760;3790;185678800;Naik;Sedang;Sempit;Gap_Turun;Tidak
13/02/2026 16:00;3780;3800;3750;3780;144473700;Naik;Rendah;Sempit;Gap_Turun;Beli
18/02/2026 16:00;3780;3840;3760;3830;135223700;Naik;Rendah;Lebar;Gap_Naik;Tidak
19/02/2026 16:00;3850;3850;3770;3770;154562300;Turun;Rendah;Lebar;Gap_Naik;Beli
20/02/2026 16:00;3790;3870;3780;3840;191533500;Naik;Sedang;Lebar;Gap_Naik;Beli
23/02/2026 16:00;3880;3910;3860;3900;189611200;Naik;Sedang;Sempit;Gap_Naik;Tidak
24/02/2026 16:00;3880;3890;3860;3870;191295900;Turun;Sedang;Sempit;Gap_Turun;Beli
25/02/2026 16:00;3880;3980;3880;3970;263027700;Naik;Sedang;Lebar;Gap_Naik;Tidak
26/02/2026 16:00;3970;3970;3920;3950;146158100;Turun;Rendah;Sempit;Gap_Naik;Tidak
27/02/2026 16:00;3950;3950;3880;3910;263179300;Turun;Sedang;Sempit;Gap_Naik;Tidak
02/03/2026 16:00;3840;3840;3800;3820;204655700;Turun;Sedang;Sempit;Gap_Turun;Tidak
03/03/2026 16:00;3820;3840;3770;3770;113600400;Turun;Rendah;Sempit;Gap_Naik;Tidak
04/03/2026 16:00;3770;3770;3660;3690;215656600;Turun;Sedang;Lebar;Gap_Naik;Beli
05/03/2026 16:00;3720;3780;3720;3750;96625300;Naik;Rendah;Sempit;Gap_Naik;Tidak
06/03/2026 16:00;3750;3750;3670;3670;136987800;Turun;Rendah;Lebar;Gap_Naik;Tidak
09/03/2026 16:00;3590;3630;3560;3570;215587500;Turun;Sedang;Sempit;Gap_Turun;Tidak
10/03/2026 16:00;3600;3610;3560;3560;175353400;Turun;Sedang;Sempit;Gap_Naik;Beli
11/03/2026 16:00;3580;3600;3560;3580;100862200;Naik;Rendah;Sempit;Gap_Naik;Tidak
12/03/2026 16:00;3580;3610;3570;3570;141366700;Turun;Rendah;Sempit;Gap_Naik;Tidak
13/03/2026 16:00;3560;3590;3510;3510;159393900;Turun;Rendah;Lebar;Gap_Turun;Tidak
16/03/2026 16:00;3500;3510;3430;3480;160328700;Turun;Rendah;Lebar;Gap_Turun;Tidak
17/03/2026 16:00;3500;3530;3480;3480;204208500;Turun;Sedang;Sempit;Gap_Naik;Beli
25/03/2026 16:00;3440;3540;3410;3540;379422800;Naik;Tinggi;Lebar;Gap_Turun;Tidak
26/03/2026 16:00;3540;3570;3480;3490;162060500;Turun;Rendah;Lebar;Gap_Naik;Tidak
27/03/2026 16:00;3460;3490;3420;3420;207067900;Turun;Sedang;Lebar;Gap_Turun;Tidak
30/03/2026 16:00;3350;3390;3330;3360;317467700;Naik;Tinggi;Sempit;Gap_Turun;Tidak
31/03/2026 16:00;3350;3400;3330;3330;298589200;Turun;Tinggi;Lebar;Gap_Turun;Beli
01/04/2026 16:00;3400;3440;3330;3350;279604500;Turun;Tinggi;Lebar;Gap_Naik;Tidak
02/04/2026 16:00;3340;3390;3320;3320;242569200;Turun;Sedang;Lebar;Gap_Turun;Tidak
06/04/2026 16:00;3340;3360;3290;3310;184143400;Turun;Sedang;Lebar;Gap_Naik;Tidak
07/04/2026 16:00;3310;3320;3220;3230;273842700;Turun;Tinggi;Lebar;Gap_Naik;Beli
08/04/2026 16:00;3340;3370;3330;3340;416112900;Naik;Tinggi;Sempit;Gap_Naik;Tidak
09/04/2026 16:00;3310;3330;3260;3280;319141400;Turun;Tinggi;Lebar;Gap_Turun;Beli
